CVEGEO,Municipio,CP
11001,Abasolo,36970
11001,Abasolo,36973
11001,Abasolo,36974
11001,Abasolo,36975
11001,Abasolo,36976
11001,Abasolo,36977
11001,Abasolo,36980
11001,Abasolo,36983
11001,Abasolo,36984
11001,Abasolo,36985
11001,Abasolo,36986
11001,Abasolo,36987
11002,Acámbaro,38600
11002,Acámbaro,38610
11002,Acámbaro,38612
11002,Acámbaro,38613
11002,Acámbaro,38614
11002,Acámbaro,38615
11002,Acámbaro,38620
11002,Acámbaro,38623
11002,Acámbaro,38624
11002,Acámbaro,38625
11002,Acámbaro,38630
11002,Acámbaro,38640
11002,Acámbaro,38642
11002,Acámbaro,38650
11002,Acámbaro,38652
11002,Acámbaro,38653
11002,Acámbaro,38654
11002,Acámbaro,38660
11002,Acámbaro,38663
11002,Acámbaro,38664
11002,Acámbaro,38670
11002,Acámbaro,38672
11002,Acámbaro,38673
11002,Acámbaro,38674
11002,Acámbaro,38675
11002,Acámbaro,38676
11002,Acámbaro,38679
11002,Acámbaro,38680
11002,Acámbaro,38682
11002,Acámbaro,38683
11002,Acámbaro,38684
11002,Acámbaro,38689
11002,Acámbaro,38730
11002,Acámbaro,38733
11002,Acámbaro,38734
11002,Acámbaro,38735
11002,Acámbaro,38736
11002,Acámbaro,38737
11002,Acámbaro,38740
11002,Acámbaro,38743
11002,Acámbaro,38745
11002,Acámbaro,38746
11002,Acámbaro,38747
11002,Acámbaro,38750
11002,Acámbaro,38753
11002,Acámbaro,38754
11002,Acámbaro,38755
11002,Acámbaro,38756
11002,Acámbaro,38757
11002,Acámbaro,38758
11002,Acámbaro,38760
11002,Acámbaro,38763
11002,Acámbaro,38764
11002,Acámbaro,38765
11002,Acámbaro,38766
11002,Acámbaro,38767
11002,Acámbaro,38770
11002,Acámbaro,38773
11002,Acámbaro,38774
11002,Acámbaro,38775
11002,Acámbaro,38776
11002,Acámbaro,38777
11002,Acámbaro,38780
11002,Acámbaro,38783
11002,Acámbaro,38784
11002,Acámbaro,38785
11002,Acámbaro,38786
11002,Acámbaro,38787
11004,Apaseo El Alto,38500
11004,Apaseo El Alto,38503
11004,Apaseo El Alto,38504
11004,Apaseo El Alto,38505
11004,Apaseo El Alto,38506
11004,Apaseo El Alto,38507
11004,Apaseo El Alto,38510
11004,Apaseo El Alto,38513
11004,Apaseo El Alto,38514
11004,Apaseo El Alto,38515
11004,Apaseo El Alto,38516
11004,Apaseo El Alto,38517
11004,Apaseo El Alto,38520
11004,Apaseo El Alto,38523
11004,Apaseo El Alto,38524
11004,Apaseo El Alto,38525
11004,Apaseo El Alto,38526
11004,Apaseo El Alto,38527
11004,Apaseo El Alto,38530
11004,Apaseo El Alto,38533
11004,Apaseo El Alto,38534
11004,Apaseo El Alto,38535
11004,Apaseo El Alto,38536
11004,Apaseo El Alto,38537
11005,Apaseo El Grande,38160
11005,Apaseo El Grande,38163
11005,Apaseo El Grande,38164
11005,Apaseo El Grande,38165
11005,Apaseo El Grande,38166
11005,Apaseo El Grande,38167
11005,Apaseo El Grande,38168
11005,Apaseo El Grande,38170
11005,Apaseo El Grande,38173
11005,Apaseo El Grande,38174
11005,Apaseo El Grande,38175
11005,Apaseo El Grande,38176
11005,Apaseo El Grande,38177
11005,Apaseo El Grande,38180
11005,Apaseo El Grande,38183
11005,Apaseo El Grande,38184
11005,Apaseo El Grande,38185
11005,Apaseo El Grande,38186
11005,Apaseo El Grande,38187
11005,Apaseo El Grande,38188
11005,Apaseo El Grande,38190
11005,Apaseo El Grande,38194
11005,Apaseo El Grande,38195
11005,Apaseo El Grande,38196
11005,Apaseo El Grande,38197
11005,Apaseo El Grande,38198
11006,Atarjea,37940
11006,Atarjea,37943
11006,Atarjea,37944
11006,Atarjea,37945
11006,Atarjea,37946
11006,Atarjea,37947
11006,Atarjea,37948
11007,Celaya,38000
11007,Celaya,38009
11007,Celaya,38010
11007,Celaya,38013
11007,Celaya,38014
11007,Celaya,38015
11007,Celaya,38016
11007,Celaya,38017
11007,Celaya,38018
11007,Celaya,38019
11007,Celaya,38020
11007,Celaya,38023
11007,Celaya,38024
11007,Celaya,38027
11007,Celaya,38028
11007,Celaya,38030
11007,Celaya,38033
11007,Celaya,38034
11007,Celaya,38035
11007,Celaya,38036
11007,Celaya,38037
11007,Celaya,38040
11007,Celaya,38044
11007,Celaya,38046
11007,Celaya,38047
11007,Celaya,38048
11007,Celaya,38049
11007,Celaya,38050
11007,Celaya,38057
11007,Celaya,38060
11007,Celaya,38063
11007,Celaya,38065
11007,Celaya,38067
11007,Celaya,38068
11007,Celaya,38070
11007,Celaya,38078
11007,Celaya,38079
11007,Celaya,38080
11007,Celaya,38083
11007,Celaya,38085
11007,Celaya,38088
11007,Celaya,38089
11007,Celaya,38090
11007,Celaya,38095
11007,Celaya,38096
11007,Celaya,38097
11007,Celaya,38098
11007,Celaya,38099
11007,Celaya,38100
11007,Celaya,38104
11007,Celaya,38105
11007,Celaya,38106
11007,Celaya,38107
11007,Celaya,38110
11007,Celaya,38114
11007,Celaya,38115
11007,Celaya,38116
11007,Celaya,38117
11007,Celaya,38118
11007,Celaya,38119
11007,Celaya,38120
11007,Celaya,38123
11007,Celaya,38126
11007,Celaya,38127
11007,Celaya,38130
11007,Celaya,38133
11007,Celaya,38135
11007,Celaya,38136
11007,Celaya,38137
11007,Celaya,38140
11007,Celaya,38143
11007,Celaya,38144
11007,Celaya,38145
11007,Celaya,38146
11007,Celaya,38147
11007,Celaya,38150
11007,Celaya,38152
11007,Celaya,38153
11007,Celaya,38154
11007,Celaya,38155
11007,Celaya,38156
11007,Celaya,38157
11007,Celaya,38158
11007,Celaya,38159
11009,Comonfort,38200
11009,Comonfort,38202
11009,Comonfort,38203
11009,Comonfort,38204
11009,Comonfort,38205
11009,Comonfort,38206
11009,Comonfort,38207
11009,Comonfort,38210
11009,Comonfort,38213
11009,Comonfort,38214
11009,Comonfort,38215
11009,Comonfort,38216
11009,Comonfort,38217
11009,Comonfort,38220
11009,Comonfort,38223
11009,Comonfort,38224
11009,Comonfort,38225
11009,Comonfort,38226
11009,Comonfort,38227
11010,Coroneo,38590
11010,Coroneo,38593
11010,Coroneo,38594
11010,Coroneo,38595
11010,Coroneo,38596
11010,Coroneo,38597
11011,Cortázar,38300
11011,Cortázar,38309
11011,Cortázar,38310
11011,Cortázar,38312
11011,Cortázar,38314
11011,Cortázar,38315
11011,Cortázar,38317
11011,Cortázar,38320
11011,Cortázar,38322
11011,Cortázar,38324
11011,Cortázar,38325
11011,Cortázar,38329
11011,Cortázar,38330
11011,Cortázar,38332
11011,Cortázar,38333
11011,Cortázar,38334
11011,Cortázar,38335
11011,Cortázar,38337
11011,Cortázar,38338
11011,Cortázar,38342
11011,Cortázar,38343
11011,Cortázar,38344
11011,Cortázar,38345
11011,Cortázar,38346
11011,Cortázar,38349
11011,Cortázar,38350
11011,Cortázar,38356
11011,Cortázar,38357
11011,Cortázar,38358
11011,Cortázar,38359
11011,Cortázar,38360
11011,Cortázar,38362
11011,Cortázar,38363
11011,Cortázar,38370
11011,Cortázar,38373
11011,Cortázar,38374
11011,Cortázar,38375
11011,Cortázar,38380
11011,Cortázar,38382
11011,Cortázar,38383
11011,Cortázar,38390
11011,Cortázar,38395
11011,Cortázar,38490
11011,Cortázar,38493
11011,Cortázar,38494
11011,Cortázar,38495
11011,Cortázar,38496
11011,Cortázar,38497
11011,Cortázar,38498
11011,Cortázar,38499
11012,Cuerámaro,36960
11012,Cuerámaro,36963
11012,Cuerámaro,36964
11012,Cuerámaro,36965
11012,Cuerámaro,36966
11012,Cuerámaro,36967
11012,Cuerámaro,36968
11012,Cuerámaro,36969
11013,Doctor Mora,37960
11013,Doctor Mora,37963
11013,Doctor Mora,37964
11013,Doctor Mora,37965
11013,Doctor Mora,37966
11013,Doctor Mora,37967
11014,Dolores Hidalgo,37800
11014,Dolores Hidalgo,37803
11014,Dolores Hidalgo,37804
11014,Dolores Hidalgo,37805
11014,Dolores Hidalgo,37806
11014,Dolores Hidalgo,37807
11014,Dolores Hidalgo,37810
11014,Dolores Hidalgo,37812
11014,Dolores Hidalgo,37813
11014,Dolores Hidalgo,37814
11014,Dolores Hidalgo,37815
11014,Dolores Hidalgo,37816
11014,Dolores Hidalgo,37817
11014,Dolores Hidalgo,37819
11014,Dolores Hidalgo,37820
11014,Dolores Hidalgo,37821
11014,Dolores Hidalgo,37823
11014,Dolores Hidalgo,37824
11014,Dolores Hidalgo,37825
11014,Dolores Hidalgo,37826
11014,Dolores Hidalgo,37828
11014,Dolores Hidalgo,37829
11014,Dolores Hidalgo,37830
11014,Dolores Hidalgo,37832
11014,Dolores Hidalgo,37834
11014,Dolores Hidalgo,37838
11014,Dolores Hidalgo,37840
11014,Dolores Hidalgo,37842
11014,Dolores Hidalgo,37843
11014,Dolores Hidalgo,37844
11014,Dolores Hidalgo,37848
11014,Dolores Hidalgo,37849
11015,Guanajuato,36000
11015,Guanajuato,36003
11015,Guanajuato,36008
11015,Guanajuato,36009
11015,Guanajuato,36010
11015,Guanajuato,36013
11015,Guanajuato,36014
11015,Guanajuato,36015
11015,Guanajuato,36016
11015,Guanajuato,36020
11015,Guanajuato,36023
11015,Guanajuato,36024
11015,Guanajuato,36030
11015,Guanajuato,36033
11015,Guanajuato,36040
11015,Guanajuato,36043
11015,Guanajuato,36044
11015,Guanajuato,36050
11015,Guanajuato,36053
11015,Guanajuato,36059
11015,Guanajuato,36060
11015,Guanajuato,36080
11015,Guanajuato,36086
11015,Guanajuato,36089
11015,Guanajuato,36090
11015,Guanajuato,36093
11015,Guanajuato,36094
11015,Guanajuato,36220
11015,Guanajuato,36223
11015,Guanajuato,36224
11015,Guanajuato,36225
11015,Guanajuato,36227
11015,Guanajuato,36228
11015,Guanajuato,36230
11015,Guanajuato,36233
11015,Guanajuato,36234
11015,Guanajuato,36235
11015,Guanajuato,36236
11015,Guanajuato,36237
11015,Guanajuato,36240
11015,Guanajuato,36243
11015,Guanajuato,36244
11015,Guanajuato,36245
11015,Guanajuato,36246
11015,Guanajuato,36247
11015,Guanajuato,36250
11015,Guanajuato,36253
11015,Guanajuato,36254
11015,Guanajuato,36255
11015,Guanajuato,36256
11015,Guanajuato,36257
11015,Guanajuato,36258
11015,Guanajuato,36259
11015,Guanajuato,36260
11015,Guanajuato,36263
11015,Guanajuato,36264
11015,Guanajuato,36265
11015,Guanajuato,36266
11015,Guanajuato,36267
11015,Guanajuato,36268
11016,Huanímaro,36990
11016,Huanímaro,36993
11016,Huanímaro,36994
11016,Huanímaro,36995
11016,Huanímaro,36996
11016,Huanímaro,36997
11016,Huanímaro,36998
11017,Irapuato,36500
11017,Irapuato,36510
11017,Irapuato,36511
11017,Irapuato,36512
11017,Irapuato,36513
11017,Irapuato,36514
11017,Irapuato,36515
11017,Irapuato,36520
11017,Irapuato,36524
11017,Irapuato,36525
11017,Irapuato,36526
11017,Irapuato,36530
11017,Irapuato,36540
11017,Irapuato,36541
11017,Irapuato,36542
11017,Irapuato,36544
11017,Irapuato,36545
11017,Irapuato,36546
11017,Irapuato,36547
11017,Irapuato,36550
11017,Irapuato,36554
11017,Irapuato,36555
11017,Irapuato,36556
11017,Irapuato,36557
11017,Irapuato,36558
11017,Irapuato,36559
11017,Irapuato,36560
11017,Irapuato,36566
11017,Irapuato,36567
11017,Irapuato,36568
11017,Irapuato,36570
11017,Irapuato,36576
11017,Irapuato,36577
11017,Irapuato,36578
11017,Irapuato,36580
11017,Irapuato,36583
11017,Irapuato,36584
11017,Irapuato,36585
11017,Irapuato,36586
11017,Irapuato,36587
11017,Irapuato,36588
11017,Irapuato,36589
11017,Irapuato,36590
11017,Irapuato,36593
11017,Irapuato,36595
11017,Irapuato,36597
11017,Irapuato,36599
11017,Irapuato,36600
11017,Irapuato,36610
11017,Irapuato,36611
11017,Irapuato,36612
11017,Irapuato,36613
11017,Irapuato,36614
11017,Irapuato,36615
11017,Irapuato,36620
11017,Irapuato,36624
11017,Irapuato,36625
11017,Irapuato,36626
11017,Irapuato,36630
11017,Irapuato,36631
11017,Irapuato,36633
11017,Irapuato,36640
11017,Irapuato,36643
11017,Irapuato,36644
11017,Irapuato,36645
11017,Irapuato,36646
11017,Irapuato,36648
11017,Irapuato,36649
11017,Irapuato,36650
11017,Irapuato,36659
11017,Irapuato,36660
11017,Irapuato,36666
11017,Irapuato,36667
11017,Irapuato,36668
11017,Irapuato,36669
11017,Irapuato,36670
11017,Irapuato,36680
11017,Irapuato,36683
11017,Irapuato,36687
11017,Irapuato,36690
11017,Irapuato,36691
11017,Irapuato,36698
11017,Irapuato,36699
11017,Irapuato,36800
11017,Irapuato,36803
11017,Irapuato,36804
11017,Irapuato,36805
11017,Irapuato,36806
11017,Irapuato,36807
11017,Irapuato,36810
11017,Irapuato,36813
11017,Irapuato,36814
11017,Irapuato,36815
11017,Irapuato,36816
11017,Irapuato,36817
11017,Irapuato,36818
11017,Irapuato,36820
11017,Irapuato,36822
11017,Irapuato,36823
11017,Irapuato,36824
11017,Irapuato,36825
11017,Irapuato,36826
11017,Irapuato,36827
11017,Irapuato,36830
11017,Irapuato,36833
11017,Irapuato,36834
11017,Irapuato,36835
11017,Irapuato,36836
11017,Irapuato,36837
11017,Irapuato,36840
11017,Irapuato,36843
11017,Irapuato,36844
11017,Irapuato,36845
11017,Irapuato,36846
11017,Irapuato,36847
11017,Irapuato,36849
11018,Jaral del Progreso,38470
11018,Jaral del Progreso,38473
11018,Jaral del Progreso,38474
11018,Jaral del Progreso,38475
11018,Jaral del Progreso,38476
11018,Jaral del Progreso,38477
11018,Jaral del Progreso,38480
11018,Jaral del Progreso,38483
11018,Jaral del Progreso,38484
11018,Jaral del Progreso,38485
11018,Jaral del Progreso,38486
11018,Jaral del Progreso,38487
11018,Jaral del Progreso,38488
11019,Jerécuaro,38540
11019,Jerécuaro,38542
11019,Jerécuaro,38543
11019,Jerécuaro,38544
11019,Jerécuaro,38545
11019,Jerécuaro,38550
11019,Jerécuaro,38553
11019,Jerécuaro,38554
11019,Jerécuaro,38555
11019,Jerécuaro,38556
11019,Jerécuaro,38557
11019,Jerécuaro,38560
11019,Jerécuaro,38563
11019,Jerécuaro,38564
11019,Jerécuaro,38565
11019,Jerécuaro,38566
11019,Jerécuaro,38567
11019,Jerécuaro,38570
11019,Jerécuaro,38573
11019,Jerécuaro,38574
11019,Jerécuaro,38575
11019,Jerécuaro,38576
11019,Jerécuaro,38577
11019,Jerécuaro,38578
11019,Jerécuaro,38580
11019,Jerécuaro,38583
11019,Jerécuaro,38584
11019,Jerécuaro,38585
11019,Jerécuaro,38586
11019,Jerécuaro,38587
11020,León,37000
11020,León,37004
11020,León,37010
11020,León,37020
11020,León,37100
11020,León,37104
11020,León,37105
11020,León,37106
11020,León,37107
11020,León,37108
11020,León,37109
11020,León,37110
11020,León,37118
11020,León,37119
11020,León,37120
11020,León,37123
11020,León,37125
11020,León,37128
11020,León,37129
11020,León,37130
11020,León,37134
11020,León,37138
11020,León,37140
11020,León,37147
11020,León,37148
11020,León,37149
11020,León,37150
11020,León,37156
11020,León,37157
11020,León,37160
11020,León,37168
11020,León,37170
11020,León,37178
11020,León,37179
11020,León,37180
11020,León,37187
11020,León,37188
11020,León,37189
11020,León,37190
11020,León,37199
11020,León,37200
11020,León,37204
11020,León,37205
11020,León,37206
11020,León,37207
11020,León,37208
11020,León,37209
11020,León,37210
11020,León,37217
11020,León,37218
11020,León,37219
11020,León,37220
11020,León,37225
11020,León,37227
11020,León,37230
11020,León,37233
11020,León,37234
11020,León,37235
11020,León,37236
11020,León,37237
11020,León,37238
11020,León,37239
11020,León,37240
11020,León,37249
11020,León,37250
11020,León,37257
11020,León,37258
11020,León,37259
11020,León,37260
11020,León,37266
11020,León,37267
11020,León,37268
11020,León,37269
11020,León,37270
11020,León,37276
11020,León,37277
11020,León,37278
11020,León,37279
11020,León,37280
11020,León,37287
11020,León,37288
11020,León,37289
11020,León,37290
11020,León,37293
11020,León,37294
11020,León,37295
11020,León,37296
11020,León,37297
11020,León,37298
11020,León,37299
11020,León,37300
11020,León,37306
11020,León,37310
11020,León,37315
11020,León,37316
11020,León,37317
11020,León,37318
11020,León,37319
11020,León,37320
11020,León,37327
11020,León,37328
11020,León,37330
11020,León,37340
11020,León,37350
11020,León,37353
11020,León,37355
11020,León,37357
11020,León,37358
11020,León,37359
11020,León,37360
11020,León,37364
11020,León,37366
11020,León,37368
11020,León,37369
11020,León,37380
11020,León,37390
11020,León,37399
11020,León,37400
11020,León,37407
11020,León,37408
11020,León,37410
11020,León,37414
11020,León,37415
11020,León,37416
11020,León,37417
11020,León,37418
11020,León,37419
11020,León,37420
11020,León,37425
11020,León,37426
11020,León,37427
11020,León,37428
11020,León,37430
11020,León,37433
11020,León,37434
11020,León,37436
11020,León,37438
11020,León,37439
11020,León,37440
11020,León,37443
11020,León,37444
11020,León,37446
11020,León,37448
11020,León,37450
11020,León,37455
11020,León,37456
11020,León,37457
11020,León,37458
11020,León,37459
11020,León,37460
11020,León,37468
11020,León,37470
11020,León,37477
11020,León,37478
11020,León,37479
11020,León,37480
11020,León,37487
11020,León,37490
11020,León,37500
11020,León,37510
11020,León,37520
11020,León,37526
11020,León,37530
11020,León,37536
11020,León,37538
11020,León,37539
11020,León,37544
11020,León,37545
11020,León,37547
11020,León,37548
11020,León,37549
11020,León,37550
11020,León,37555
11020,León,37557
11020,León,37560
11020,León,37564
11020,León,37566
11020,León,37570
11020,León,37580
11020,León,37590
11020,León,37650
11020,León,37653
11020,León,37654
11020,León,37655
11020,León,37660
11020,León,37664
11020,León,37665
11020,León,37666
11020,León,37667
11020,León,37668
11020,León,37669
11020,León,37670
11020,León,37672
11020,León,37673
11020,León,37675
11020,León,37676
11020,León,37677
11020,León,37680
11020,León,37683
11020,León,37684
11020,León,37685
11020,León,37687
11020,León,37688
11020,León,37689
11020,León,37690
11020,León,37696
11020,León,37697
11020,León,37698
11008,Manuel Doblado,36470
11008,Manuel Doblado,36473
11008,Manuel Doblado,36474
11008,Manuel Doblado,36475
11008,Manuel Doblado,36476
11008,Manuel Doblado,36477
11008,Manuel Doblado,36480
11008,Manuel Doblado,36483
11008,Manuel Doblado,36484
11008,Manuel Doblado,36485
11008,Manuel Doblado,36486
11008,Manuel Doblado,36487
11008,Manuel Doblado,36490
11008,Manuel Doblado,36493
11008,Manuel Doblado,36494
11008,Manuel Doblado,36495
11008,Manuel Doblado,36496
11008,Manuel Doblado,36497
11021,Moroleón,38800
11021,Moroleón,38810
11021,Moroleón,38817
11021,Moroleón,38820
11021,Moroleón,38823
11021,Moroleón,38825
11021,Moroleón,38826
11021,Moroleón,38827
11021,Moroleón,38830
11021,Moroleón,38833
11021,Moroleón,38834
11021,Moroleón,38835
11021,Moroleón,38836
11021,Moroleón,38837
11021,Moroleón,38838
11021,Moroleón,38839
11021,Moroleón,38840
11021,Moroleón,38844
11021,Moroleón,38845
11021,Moroleón,38848
11021,Moroleón,38850
11021,Moroleón,38853
11021,Moroleón,38854
11021,Moroleón,38855
11021,Moroleón,38860
11021,Moroleón,38863
11021,Moroleón,38864
11021,Moroleón,38865
11021,Moroleón,38866
11021,Moroleón,38867
11021,Moroleón,38868
11021,Moroleón,38870
11021,Moroleón,38873
11021,Moroleón,38874
11021,Moroleón,38880
11021,Moroleón,38887
11021,Moroleón,38990
11021,Moroleón,38993
11021,Moroleón,38994
11021,Moroleón,38995
11021,Moroleón,38996
11021,Moroleón,38997
11022,Ocampo,37630
11022,Ocampo,37631
11022,Ocampo,37632
11022,Ocampo,37633
11022,Ocampo,37634
11022,Ocampo,37635
11022,Ocampo,37640
11022,Ocampo,37641
11022,Ocampo,37642
11022,Ocampo,37643
11022,Ocampo,37644
11022,Ocampo,37645
11022,Ocampo,37646
11022,Ocampo,37647
11023,Pénjamo,36900
11023,Pénjamo,36903
11023,Pénjamo,36904
11023,Pénjamo,36905
11023,Pénjamo,36906
11023,Pénjamo,36907
11023,Pénjamo,36910
11023,Pénjamo,36913
11023,Pénjamo,36914
11023,Pénjamo,36915
11023,Pénjamo,36916
11023,Pénjamo,36917
11023,Pénjamo,36920
11023,Pénjamo,36923
11023,Pénjamo,36924
11023,Pénjamo,36925
11023,Pénjamo,36926
11023,Pénjamo,36927
11023,Pénjamo,36930
11023,Pénjamo,36933
11023,Pénjamo,36934
11023,Pénjamo,36935
11023,Pénjamo,36936
11023,Pénjamo,36937
11023,Pénjamo,36938
11023,Pénjamo,36940
11023,Pénjamo,36943
11023,Pénjamo,36944
11023,Pénjamo,36945
11023,Pénjamo,36946
11023,Pénjamo,36947
11023,Pénjamo,36948
11024,Pueblo Nuevo,36890
11024,Pueblo Nuevo,36893
11024,Pueblo Nuevo,36894
11024,Pueblo Nuevo,36895
11024,Pueblo Nuevo,36896
11024,Pueblo Nuevo,36897
11025,Purísima del Rincón,36400
11025,Purísima del Rincón,36403
11025,Purísima del Rincón,36404
11025,Purísima del Rincón,36405
11025,Purísima del Rincón,36406
11025,Purísima del Rincón,36407
11025,Purísima del Rincón,36410
11025,Purísima del Rincón,36413
11025,Purísima del Rincón,36414
11025,Purísima del Rincón,36415
11025,Purísima del Rincón,36416
11025,Purísima del Rincón,36417
11025,Purísima del Rincón,36418
11025,Purísima del Rincón,36420
11025,Purísima del Rincón,36423
11025,Purísima del Rincón,36424
11025,Purísima del Rincón,36425
11025,Purísima del Rincón,36426
11025,Purísima del Rincón,36427
11025,Purísima del Rincón,36430
11025,Purísima del Rincón,36433
11025,Purísima del Rincón,36434
11025,Purísima del Rincón,36435
11025,Purísima del Rincón,36436
11025,Purísima del Rincón,36437
11026,Romita,36200
11026,Romita,36203
11026,Romita,36204
11026,Romita,36205
11026,Romita,36206
11026,Romita,36207
11026,Romita,36210
11026,Romita,36212
11026,Romita,36213
11026,Romita,36214
11026,Romita,36215
11026,Romita,36216
11026,Romita,36217
11026,Romita,36218
11027,Salamanca,36700
11027,Salamanca,36704
11027,Salamanca,36710
11027,Salamanca,36714
11027,Salamanca,36715
11027,Salamanca,36716
11027,Salamanca,36717
11027,Salamanca,36720
11027,Salamanca,36722
11027,Salamanca,36723
11027,Salamanca,36724
11027,Salamanca,36726
11027,Salamanca,36730
11027,Salamanca,36732
11027,Salamanca,36733
11027,Salamanca,36740
11027,Salamanca,36743
11027,Salamanca,36744
11027,Salamanca,36747
11027,Salamanca,36748
11027,Salamanca,36749
11027,Salamanca,36750
11027,Salamanca,36752
11027,Salamanca,36753
11027,Salamanca,36754
11027,Salamanca,36759
11027,Salamanca,36760
11027,Salamanca,36764
11027,Salamanca,36765
11027,Salamanca,36766
11027,Salamanca,36770
11027,Salamanca,36772
11027,Salamanca,36773
11027,Salamanca,36774
11027,Salamanca,36775
11027,Salamanca,36776
11027,Salamanca,36777
11027,Salamanca,36778
11027,Salamanca,36780
11027,Salamanca,36782
11027,Salamanca,36783
11027,Salamanca,36784
11027,Salamanca,36785
11027,Salamanca,36786
11027,Salamanca,36787
11027,Salamanca,36790
11027,Salamanca,36793
11027,Salamanca,36850
11027,Salamanca,36853
11027,Salamanca,36854
11027,Salamanca,36855
11027,Salamanca,36856
11027,Salamanca,36857
11027,Salamanca,36858
11027,Salamanca,36860
11027,Salamanca,36863
11027,Salamanca,36864
11027,Salamanca,36865
11027,Salamanca,36866
11027,Salamanca,36867
11027,Salamanca,36870
11027,Salamanca,36873
11027,Salamanca,36874
11027,Salamanca,36875
11027,Salamanca,36876
11027,Salamanca,36877
11027,Salamanca,36878
11027,Salamanca,36880
11027,Salamanca,36883
11027,Salamanca,36884
11027,Salamanca,36885
11027,Salamanca,36886
11027,Salamanca,36887
11027,Salamanca,36888
11028,Salvatierra,38900
11028,Salvatierra,38903
11028,Salvatierra,38904
11028,Salvatierra,38905
11028,Salvatierra,38906
11028,Salvatierra,38909
11028,Salvatierra,38910
11028,Salvatierra,38911
11028,Salvatierra,38912
11028,Salvatierra,38913
11028,Salvatierra,38914
11028,Salvatierra,38915
11028,Salvatierra,38919
11028,Salvatierra,38920
11028,Salvatierra,38921
11028,Salvatierra,38927
11028,Salvatierra,38930
11028,Salvatierra,38931
11028,Salvatierra,38932
11028,Salvatierra,38933
11028,Salvatierra,38938
11029,San Diego de la Unión,37850
11029,San Diego de la Unión,37853
11029,San Diego de la Unión,37854
11029,San Diego de la Unión,37855
11029,San Diego de la Unión,37856
11029,San Diego de la Unión,37857
11029,San Diego de la Unión,37860
11029,San Diego de la Unión,37863
11029,San Diego de la Unión,37864
11029,San Diego de la Unión,37866
11029,San Diego de la Unión,37867
11029,San Diego de la Unión,37870
11029,San Diego de la Unión,37873
11029,San Diego de la Unión,37874
11029,San Diego de la Unión,37875
11029,San Diego de la Unión,37876
11029,San Diego de la Unión,37877
11030,San Felipe,37600
11030,San Felipe,37601
11030,San Felipe,37602
11030,San Felipe,37603
11030,San Felipe,37604
11030,San Felipe,37605
11030,San Felipe,37606
11030,San Felipe,37608
11030,San Felipe,37610
11030,San Felipe,37611
11030,San Felipe,37612
11030,San Felipe,37613
11030,San Felipe,37614
11030,San Felipe,37615
11030,San Felipe,37616
11030,San Felipe,37620
11030,San Felipe,37622
11030,San Felipe,37623
11030,San Felipe,37624
11030,San Felipe,37625
11030,San Felipe,37629
11031,San Francisco del rincón,36300
11031,San Francisco del rincón,36310
11031,San Francisco del rincón,36312
11031,San Francisco del rincón,36313
11031,San Francisco del rincón,36314
11031,San Francisco del rincón,36315
11031,San Francisco del rincón,36320
11031,San Francisco del rincón,36322
11031,San Francisco del rincón,36330
11031,San Francisco del rincón,36333
11031,San Francisco del rincón,36340
11031,San Francisco del rincón,36342
11031,San Francisco del rincón,36350
11031,San Francisco del rincón,36352
11031,San Francisco del rincón,36353
11031,San Francisco del rincón,36354
11031,San Francisco del rincón,36360
11031,San Francisco del rincón,36361
11031,San Francisco del rincón,36364
11031,San Francisco del rincón,36365
11031,San Francisco del rincón,36369
11031,San Francisco del rincón,36370
11031,San Francisco del rincón,36372
11031,San Francisco del rincón,36373
11031,San Francisco del rincón,36379
11031,San Francisco del rincón,36380
11031,San Francisco del rincón,36390
11031,San Francisco del rincón,36394
11031,San Francisco del rincón,36440
11031,San Francisco del rincón,36441
11031,San Francisco del rincón,36442
11031,San Francisco del rincón,36443
11031,San Francisco del rincón,36444
11031,San Francisco del rincón,36445
11031,San Francisco del rincón,36446
11031,San Francisco del rincón,36447
11031,San Francisco del rincón,36449
11031,San Francisco del rincón,36450
11031,San Francisco del rincón,36452
11031,San Francisco del rincón,36453
11031,San Francisco del rincón,36454
11031,San Francisco del rincón,36455
11031,San Francisco del rincón,36456
11031,San Francisco del rincón,36457
11031,San Francisco del rincón,36458
11031,San Francisco del rincón,36459
11031,San Francisco del rincón,36460
11031,San Francisco del rincón,36463
11031,San Francisco del rincón,36465
11031,San Francisco del rincón,36467
11031,San Francisco del rincón,36468
11031,San Francisco del rincón,36469
11032,San José Iturbide,37980
11032,San José Iturbide,37983
11032,San José Iturbide,37984
11032,San José Iturbide,37985
11032,San José Iturbide,37986
11032,San José Iturbide,37987
11032,San José Iturbide,37988
11032,San José Iturbide,37990
11032,San José Iturbide,37991
11032,San José Iturbide,37993
11032,San José Iturbide,37994
11032,San José Iturbide,37995
11032,San José Iturbide,37996
11032,San José Iturbide,37997
11032,San José Iturbide,37998
11033,San Luis de la Paz,37900
11033,San Luis de la Paz,37903
11033,San Luis de la Paz,37904
11033,San Luis de la Paz,37905
11033,San Luis de la Paz,37906
11033,San Luis de la Paz,37907
11033,San Luis de la Paz,37913
11033,San Luis de la Paz,37914
11033,San Luis de la Paz,37915
11033,San Luis de la Paz,37916
11033,San Luis de la Paz,37917
11033,San Luis de la Paz,37918
11033,San Luis de la Paz,37919
11003,San Miguel de Allende,37700
11003,San Miguel de Allende,37710
11003,San Miguel de Allende,37712
11003,San Miguel de Allende,37713
11003,San Miguel de Allende,37715
11003,San Miguel de Allende,37716
11003,San Miguel de Allende,37717
11003,San Miguel de Allende,37718
11003,San Miguel de Allende,37720
11003,San Miguel de Allende,37725
11003,San Miguel de Allende,37727
11003,San Miguel de Allende,37728
11003,San Miguel de Allende,37729
11003,San Miguel de Allende,37730
11003,San Miguel de Allende,37732
11003,San Miguel de Allende,37733
11003,San Miguel de Allende,37734
11003,San Miguel de Allende,37735
11003,San Miguel de Allende,37736
11003,San Miguel de Allende,37737
11003,San Miguel de Allende,37738
11003,San Miguel de Allende,37740
11003,San Miguel de Allende,37745
11003,San Miguel de Allende,37746
11003,San Miguel de Allende,37747
11003,San Miguel de Allende,37748
11003,San Miguel de Allende,37749
11003,San Miguel de Allende,37750
11003,San Miguel de Allende,37753
11003,San Miguel de Allende,37754
11003,San Miguel de Allende,37755
11003,San Miguel de Allende,37756
11003,San Miguel de Allende,37759
11003,San Miguel de Allende,37760
11003,San Miguel de Allende,37765
11003,San Miguel de Allende,37766
11003,San Miguel de Allende,37769
11003,San Miguel de Allende,37770
11003,San Miguel de Allende,37773
11003,San Miguel de Allende,37774
11003,San Miguel de Allende,37775
11003,San Miguel de Allende,37776
11003,San Miguel de Allende,37777
11003,San Miguel de Allende,37790
11003,San Miguel de Allende,37793
11003,San Miguel de Allende,37795
11003,San Miguel de Allende,37796
11003,San Miguel de Allende,37797
11003,San Miguel de Allende,37880
11003,San Miguel de Allende,37883
11003,San Miguel de Allende,37884
11003,San Miguel de Allende,37885
11003,San Miguel de Allende,37886
11003,San Miguel de Allende,37887
11003,San Miguel de Allende,37888
11003,San Miguel de Allende,37890
11003,San Miguel de Allende,37893
11003,San Miguel de Allende,37894
11003,San Miguel de Allende,37895
11003,San Miguel de Allende,37896
11003,San Miguel de Allende,37897
11003,San Miguel de Allende,37898
11034,Santa Catarina,37950
11034,Santa Catarina,37953
11034,Santa Catarina,37954
11034,Santa Catarina,37955
11034,Santa Catarina,37956
11034,Santa Catarina,37957
11034,Santa Catarina,37958
11035,Santa Cruz de Juventino Rosas,38240
11035,Santa Cruz de Juventino Rosas,38243
11035,Santa Cruz de Juventino Rosas,38244
11035,Santa Cruz de Juventino Rosas,38245
11035,Santa Cruz de Juventino Rosas,38246
11035,Santa Cruz de Juventino Rosas,38247
11035,Santa Cruz de Juventino Rosas,38250
11035,Santa Cruz de Juventino Rosas,38253
11035,Santa Cruz de Juventino Rosas,38254
11035,Santa Cruz de Juventino Rosas,38255
11035,Santa Cruz de Juventino Rosas,38256
11035,Santa Cruz de Juventino Rosas,38257
11036,Santiago Maravatío,38970
11036,Santiago Maravatío,38973
11036,Santiago Maravatío,38974
11036,Santiago Maravatío,38975
11036,Santiago Maravatío,38977
11036,Santiago Maravatío,38978
11037,Silao,36100
11037,Silao,36103
11037,Silao,36110
11037,Silao,36112
11037,Silao,36113
11037,Silao,36118
11037,Silao,36119
11037,Silao,36120
11037,Silao,36122
11037,Silao,36125
11037,Silao,36126
11037,Silao,36127
11037,Silao,36128
11037,Silao,36129
11037,Silao,36130
11037,Silao,36132
11037,Silao,36133
11037,Silao,36135
11037,Silao,36140
11037,Silao,36142
11037,Silao,36143
11037,Silao,36149
11037,Silao,36150
11037,Silao,36155
11037,Silao,36156
11037,Silao,36158
11037,Silao,36159
11037,Silao,36160
11037,Silao,36169
11037,Silao,36170
11037,Silao,36172
11037,Silao,36270
11037,Silao,36273
11037,Silao,36274
11037,Silao,36275
11037,Silao,36276
11037,Silao,36277
11037,Silao,36278
11037,Silao,36279
11037,Silao,36280
11037,Silao,36283
11037,Silao,36284
11037,Silao,36285
11037,Silao,36286
11037,Silao,36287
11037,Silao,36288
11037,Silao,36290
11037,Silao,36293
11037,Silao,36294
11037,Silao,36295
11037,Silao,36296
11037,Silao,36297
11037,Silao,36298
11038,Tarandacuao,38790
11038,Tarandacuao,38793
11038,Tarandacuao,38794
11038,Tarandacuao,38795
11038,Tarandacuao,38796
11038,Tarandacuao,38797
11038,Tarandacuao,38798
11039,Tarimoro,38700
11039,Tarimoro,38701
11039,Tarimoro,38702
11039,Tarimoro,38703
11039,Tarimoro,38704
11039,Tarimoro,38705
11039,Tarimoro,38706
11039,Tarimoro,38708
11039,Tarimoro,38709
11039,Tarimoro,38710
11039,Tarimoro,38712
11039,Tarimoro,38713
11039,Tarimoro,38714
11039,Tarimoro,38715
11039,Tarimoro,38716
11039,Tarimoro,38717
11039,Tarimoro,38720
11039,Tarimoro,38724
11039,Tarimoro,38725
11040,Tierra Blanca,37970
11040,Tierra Blanca,37973
11040,Tierra Blanca,37974
11040,Tierra Blanca,37975
11040,Tierra Blanca,37976
11040,Tierra Blanca,37977
11040,Tierra Blanca,37978
11041,Uriangato,38980
11041,Uriangato,38982
11041,Uriangato,38983
11041,Uriangato,38984
11041,Uriangato,38985
11041,Uriangato,38986
11041,Uriangato,38987
11041,Uriangato,38988
11041,Uriangato,38989
11042,Valle de Santiago,38400
11042,Valle de Santiago,38403
11042,Valle de Santiago,38404
11042,Valle de Santiago,38405
11042,Valle de Santiago,38406
11042,Valle de Santiago,38407
11042,Valle de Santiago,38410
11042,Valle de Santiago,38413
11042,Valle de Santiago,38414
11042,Valle de Santiago,38415
11042,Valle de Santiago,38416
11042,Valle de Santiago,38417
11042,Valle de Santiago,38420
11042,Valle de Santiago,38423
11042,Valle de Santiago,38424
11042,Valle de Santiago,38425
11042,Valle de Santiago,38426
11042,Valle de Santiago,38427
11042,Valle de Santiago,38430
11042,Valle de Santiago,38433
11042,Valle de Santiago,38434
11042,Valle de Santiago,38435
11042,Valle de Santiago,38436
11042,Valle de Santiago,38437
11042,Valle de Santiago,38440
11042,Valle de Santiago,38443
11042,Valle de Santiago,38445
11042,Valle de Santiago,38446
11042,Valle de Santiago,38447
11042,Valle de Santiago,38450
11042,Valle de Santiago,38453
11042,Valle de Santiago,38454
11042,Valle de Santiago,38455
11042,Valle de Santiago,38456
11042,Valle de Santiago,38457
11042,Valle de Santiago,38460
11042,Valle de Santiago,38463
11042,Valle de Santiago,38464
11042,Valle de Santiago,38465
11042,Valle de Santiago,38466
11042,Valle de Santiago,38467
11043,Victoria,37920
11043,Victoria,37923
11043,Victoria,37924
11043,Victoria,37925
11043,Victoria,37926
11043,Victoria,37927
11043,Victoria,37928
11044,Villagrán,38260
11044,Villagrán,38264
11044,Villagrán,38269
11044,Villagrán,38270
11044,Villagrán,38271
11044,Villagrán,38272
11044,Villagrán,38273
11044,Villagrán,38280
11044,Villagrán,38285
11044,Villagrán,38290
11044,Villagrán,38291
11044,Villagrán,38293
11044,Villagrán,38294
11044,Villagrán,38295
11045,Xichú,37930
11045,Xichú,37932
11045,Xichú,37933
11045,Xichú,37934
11045,Xichú,37935
11045,Xichú,37936
11045,Xichú,37937
11045,Xichú,37938
11045,Xichú,37939
11046,Yuriria,38940
11046,Yuriria,38943
11046,Yuriria,38944
11046,Yuriria,38945
11046,Yuriria,38946
11046,Yuriria,38947
11046,Yuriria,38948
11046,Yuriria,38950
11046,Yuriria,38953
11046,Yuriria,38954
11046,Yuriria,38955
11046,Yuriria,38956
11046,Yuriria,38957
11046,Yuriria,38958
11046,Yuriria,38960
11046,Yuriria,38961
11046,Yuriria,38963
11046,Yuriria,38964
11046,Yuriria,38965
11046,Yuriria,38966
11046,Yuriria,38967
